{
    "fileName": "ThriftyLib.json",
    "name": "ThriftyLib",
    "version": "2025.1.0",
    "frcYear": "2025",
    "uuid": "60b2694b-9e6e-4026-81ee-6f167946f4b0",
    "mavenUrls": [
        "https://docs.home.thethriftybot.com"
    ],
    "jsonUrl": "https://docs.home.thethriftybot.com/ThriftyLib.json",
    "javaDependencies": [
        {
            "groupId": "com.thethriftybot.frc",
            "artifactId": "ThriftyLib-java",
            "version": "2025.1.0"
        }
    ],
    "jniDependencies": [],
    "cppDependencies": []
}